{
  "train_losses": [
    0.997400136809275,
    0.9966404431842152,
    0.996508248420577,
    0.9965089720147879,
    0.9964721443739579,
    0.9963909693332533,
    0.9964920461486658,
    0.9963801240673955,
    0.9965090285311091,
    0.9964199236019905,
    0.996416494636338,
    0.9963706126484846,
    0.9963572531784136,
    0.9963514647335586,
    0.9963862055941567,
    0.9963127257292752,
    0.9963122383918169,
    0.9963454820331514,
    0.996343110509487,
    0.9963556849277081,
    0.9963630431674305,
    0.9963358211393801,
    0.9963356475755958,
    0.9962812130932981,
    0.9962174098726382,
    0.9963003980681069,
    0.9962564453559836,
    0.9963033847858251,
    0.9963082847199909,
    0.9962734576951654,
    0.996238554388748,
    0.9962215284609424,
    0.9962598607330124,
    0.9962282619328079,
    0.9962897195717214,
    0.9962700559067602,
    0.9962133249470607,
    0.9963204403615369,
    0.9962327949741344,
    0.9962847223553633,
    0.9961998515178503,
    0.996268903035574,
    0.9962406007119411,
    0.996253578774052,
    0.9962490111435015,
    0.9962574694440772,
    0.9962928359990293,
    0.9962404496929188,
    0.9961966900010183,
    0.9962240676805763,
    0.9962371346864058,
    0.9962948239529071,
    0.9962356976894517,
    0.9962912578656884,
    0.9962541250984903,
    0.9962323403729059,
    0.9962245658271671,
    0.9963045067737757,
    0.996208763184325,
    0.9962481843992836,
    0.9962272798459146,
    0.9961843598691911,
    0.9962067699802972,
    0.9962491204701557,
    0.9963037405606996,
    0.9962212026428064,
    0.9962473601257246,
    0.996232391639077,
    0.9962167001758833,
    0.9961912703019967,
    0.9962891031423381,
    0.9961840627724643,
    0.996249634676029,
    0.9962415957697932,
    0.9962523496212737,
    0.9961760587642847,
    0.996220155392286,
    0.9962212119077771,
    0.9962324432140804,
    0.9961523416746466,
    0.9962394398111136,
    0.9962066773305903,
    0.9962630735160155,
    0.9962389030604782,
    0.9962350605683006,
    0.9962226760819786,
    0.9962097270501092
  ],
  "val_losses": [
    0.9946701741218567,
    0.9943188428878784,
    0.9945618867874145,
    0.9944602870941162,
    0.9946503424644471,
    0.9944139885902404,
    0.9944890880584717,
    0.9945581626892089,
    0.994441635608673,
    0.9945807242393494,
    0.9943123483657836,
    0.9944280695915222,
    0.9943791651725769,
    0.9942190217971801,
    0.9945126533508301,
    0.9943167114257813,
    0.9942421793937684,
    0.9945650935173035,
    0.9946632170677185,
    0.994475495815277,
    0.9943650031089782,
    0.9944588518142701,
    0.9945074319839478,
    0.9940900945663452,
    0.9942966270446777,
    0.9943818140029907,
    0.9943027853965759,
    0.9946780586242676,
    0.9943789267539977,
    0.9944619512557984,
    0.994693033695221,
    0.9942362976074218,
    0.9941631722450256,
    0.9944470763206482,
    0.9946655392646789,
    0.9943146300315857,
    0.9940204834938049,
    0.9945018076896668,
    0.9943527293205261,
    0.9945205903053284,
    0.9942464542388916,
    0.9944235372543335,
    0.994473614692688,
    0.9945088601112366,
    0.9944125247001648,
    0.9945686149597168,
    0.99436044216156,
    0.9944982981681824,
    0.9945420622825623,
    0.9941735911369324,
    0.9945092868804931,
    0.9941856288909912,
    0.994100832939148,
    0.9945726323127747,
    0.9945947003364562,
    0.9945048880577088,
    0.9944449257850647,
    0.9943195056915283,
    0.994437129497528,
    0.9944347381591797,
    0.9945414471626282,
    0.9943467950820923,
    0.9943710088729858,
    0.9943888902664184,
    0.9942255306243897,
    0.9941892552375794,
    0.9942076945304871,
    0.9944072246551514,
    0.9941792464256287,
    0.9942851758003235,
    0.994277093410492,
    0.9945060801506043,
    0.9944354748725891,
    0.9942928814888,
    0.994228515625,
    0.9940856385231018,
    0.994463882446289,
    0.994281861782074,
    0.9945796060562134,
    0.9941615700721741,
    0.9942280077934265,
    0.9944484686851501,
    0.994262158870697,
    0.9945063591003418,
    0.9944455981254577,
    0.9943355369567871,
    0.9944120860099792
  ],
  "best_val_loss": 0.9940204834938049
}