{
  "train_losses": [
    0.998039642763879,
    0.9972095767451074,
    0.9968386341870757,
    0.9965329037429137,
    0.9964805875417482,
    0.996492290743892,
    0.9964214869113783,
    0.996487495503895,
    0.9964258646100296,
    0.9964670162126807,
    0.9963815240044668,
    0.9963326691963512,
    0.9964729374554491,
    0.9963488958660185,
    0.996412934416934,
    0.9963886960182783,
    0.9964023368346259,
    0.9964595597642691,
    0.9965040183437921,
    0.9964000832849216,
    0.9963979634596276,
    0.9964473639745168,
    0.9963467772760539,
    0.9962959786770875,
    0.996405241094105,
    0.9964428615075936,
    0.9963832630394654,
    0.99641657091793,
    0.9962980046173452,
    0.996399212686509,
    0.9963701741065386,
    0.99640890106636,
    0.9962638733918185,
    0.9963670070307242,
    0.9963912380174034,
    0.9963445681982089,
    0.9963481698011487,
    0.9963142606260863,
    0.9963841070782953,
    0.9962660024820832,
    0.996303074409307,
    0.9963635230929123,
    0.9962576473315146,
    0.9964060246017931,
    0.9963664353820326,
    0.996391317387319,
    0.9963522905512795,
    0.9962395648882179,
    0.9962807702276991,
    0.9963684520573196,
    0.9962981732398117,
    0.996367626548431,
    0.996382453281027,
    0.9963237955162563,
    0.9963842241257583,
    0.996331829172342,
    0.9963042173978578,
    0.996364020313006,
    0.9962706009958692,
    0.9963363541840272,
    0.9963014567454245,
    0.9962476139859214,
    0.9962560923606003,
    0.9963888476549653,
    0.9961807298536746,
    0.9963063844745024,
    0.9963353161984775,
    0.9962939440895239,
    0.9962465460436332,
    0.9962822705352862,
    0.9963301741397442,
    0.996325734056957,
    0.9961966736329034,
    0.9962945314886656,
    0.9962868474308073,
    0.9963000654556591,
    0.9962692368833512,
    0.99625621682004,
    0.9963643628080892,
    0.9963079981235643
  ],
  "val_losses": [
    0.9955512261390687,
    0.9952848553657532,
    0.9946853590011596,
    0.994357078075409,
    0.9945425820350647,
    0.9941731381416321,
    0.9945146489143372,
    0.9944913339614868,
    0.9944727849960328,
    0.9944885039329528,
    0.9939636015892028,
    0.994642117023468,
    0.9944612216949463,
    0.9943698716163635,
    0.994201340675354,
    0.9943486833572388,
    0.9945699071884155,
    0.9942992973327637,
    0.9946188497543335,
    0.9943010854721069,
    0.9943448328971862,
    0.9942968559265136,
    0.9939455485343933,
    0.9942942905426025,
    0.9945313239097595,
    0.9943840146064759,
    0.9946807646751403,
    0.9939419841766357,
    0.9945978641510009,
    0.993620331287384,
    0.9944753098487854,
    0.9940267586708069,
    0.9945136308670044,
    0.9941358923912048,
    0.9946058344841003,
    0.9944033670425415,
    0.9940725469589233,
    0.994682924747467,
    0.9946114253997803,
    0.9939862847328186,
    0.9944212746620178,
    0.9943135976791382,
    0.9944611549377441,
    0.9946476316452026,
    0.9941603899002075,
    0.9948512077331543,
    0.9945697712898255,
    0.9945593523979187,
    0.9944917726516723,
    0.9943753385543823,
    0.994081814289093,
    0.9942190146446228,
    0.9940190720558166,
    0.9943023681640625,
    0.9945276737213135,
    0.9942157769203186,
    0.9944913053512573,
    0.9944403386116027,
    0.9944379734992981,
    0.9942505502700806,
    0.9941962909698486,
    0.9941906833648682,
    0.9940011954307556,
    0.9938743543624878,
    0.9942096614837647,
    0.9940876150131226,
    0.9941072392463685,
    0.9940850257873535,
    0.9943895244598389,
    0.9941447353363038,
    0.9938794422149658,
    0.9943362736701965,
    0.9941529870033264,
    0.9944208860397339,
    0.9944767093658448,
    0.9940732264518738,
    0.9944577074050903,
    0.994339439868927,
    0.994133312702179,
    0.9943562841415405
  ],
  "best_val_loss": 0.993620331287384
}